{"cameraMode":{"drawMode":0,"name":"Shaded","section":"Shading Mode"},"sceneLighting":false,"audioPlay":false,"sceneViewState":{"showFog":true,"showMaterialUpdate":false,"showSkybox":false,"showFlares":true,"showImageEffects":true,"showParticleSystems":true,"showVisualEffectGraphs":true,"m_FxEnabled":true},"in2DMode":false,"pivot":{"x":0.5006020665168762,"y":0.17707103490829469,"z":0.1220523864030838},"rotation":{"x":0.08718112111091614,"y":0.6726794242858887,"z":-0.08030462265014649,"w":0.7303634285926819},"size":1.205291509628296,"orthographic":false}