{"cameraMode":{"drawMode":0,"name":"Shaded","section":"Shading Mode"},"sceneLighting":false,"audioPlay":false,"sceneViewState":{"showFog":true,"showMaterialUpdate":false,"showSkybox":false,"showFlares":true,"showImageEffects":true,"showParticleSystems":true,"showVisualEffectGraphs":true,"m_FxEnabled":true},"in2DMode":false,"pivot":{"x":-0.04821890592575073,"y":-0.14173811674118043,"z":0.2040552794933319},"rotation":{"x":0.10168448835611344,"y":0.09268347918987274,"z":-0.009525036439299584,"w":0.9904173016548157},"size":0.7071070075035095,"orthographic":false}