{"cameraMode":{"drawMode":0,"name":"Shaded","section":"Shading Mode"},"sceneLighting":false,"audioPlay":false,"sceneViewState":{"showFog":true,"showMaterialUpdate":false,"showSkybox":false,"showFlares":true,"showImageEffects":true,"showParticleSystems":true,"showVisualEffectGraphs":true,"m_FxEnabled":true},"in2DMode":false,"pivot":{"x":0.2524460554122925,"y":-0.20764538645744325,"z":-0.09034585952758789},"rotation":{"x":0.17888762056827546,"y":0.5701427459716797,"z":-0.1288841962814331,"w":0.7913903594017029},"size":1.6071069240570069,"orthographic":false}