{"cameraMode":{"drawMode":0,"name":"Shaded","section":"Shading Mode"},"sceneLighting":true,"audioPlay":false,"sceneViewState":{"showFog":true,"showMaterialUpdate":false,"showSkybox":false,"showFlares":true,"showImageEffects":true,"showParticleSystems":true,"showVisualEffectGraphs":true,"m_FxEnabled":true},"in2DMode":false,"pivot":{"x":-0.2924206256866455,"y":0.17112648487091065,"z":-0.10807019472122193},"rotation":{"x":-0.27512890100479128,"y":0.6065187454223633,"z":-0.23581497371196748,"w":-0.7076507806777954},"size":0.6570714712142944,"orthographic":false}