{"cameraMode":{"drawMode":0,"name":"Shaded","section":"Shading Mode"},"sceneLighting":true,"audioPlay":false,"sceneViewState":{"showFog":true,"showMaterialUpdate":true,"showSkybox":true,"showFlares":true,"showImageEffects":true,"showParticleSystems":true,"showVisualEffectGraphs":true,"m_FxEnabled":true},"in2DMode":false,"pivot":{"x":2.2247159481048586,"y":-4.096597194671631,"z":11.667935371398926},"rotation":{"x":0.1679784655570984,"y":0.03695744648575783,"z":-0.006305073853582144,"w":0.9850732684135437},"size":8.486300468444825,"orthographic":false}