{"cameraMode":{"drawMode":0,"name":"Shaded","section":"Shading Mode"},"sceneLighting":true,"audioPlay":false,"sceneViewState":{"showFog":true,"showMaterialUpdate":false,"showSkybox":true,"showFlares":true,"showImageEffects":true,"showParticleSystems":true,"showVisualEffectGraphs":true,"m_FxEnabled":true},"in2DMode":false,"pivot":{"x":0.32214343547821047,"y":0.13916391134262086,"z":0.8144516348838806},"rotation":{"x":-0.008691247552633286,"y":0.3570115566253662,"z":-0.003336064051836729,"w":-0.9340226650238037},"size":0.3570714294910431,"orthographic":false}