{"cameraMode":{"drawMode":0,"name":"Shaded","section":"Shading Mode"},"sceneLighting":false,"audioPlay":false,"sceneViewState":{"showFog":true,"showMaterialUpdate":false,"showSkybox":false,"showFlares":true,"showImageEffects":true,"showParticleSystems":true,"showVisualEffectGraphs":true,"m_FxEnabled":true},"in2DMode":false,"pivot":{"x":0.4736596345901489,"y":0.41647374629974368,"z":-0.8407319784164429},"rotation":{"x":0.06749056279659271,"y":0.9266096353530884,"z":-0.30996906757354739,"w":0.20186163485050202},"size":0.9916085600852966,"orthographic":false}