{"cameraMode":{"drawMode":0,"name":"Shaded","section":"Shading Mode"},"sceneLighting":false,"audioPlay":false,"sceneViewState":{"showFog":true,"showMaterialUpdate":false,"showSkybox":false,"showFlares":true,"showImageEffects":true,"showParticleSystems":true,"showVisualEffectGraphs":true,"m_FxEnabled":true},"in2DMode":false,"pivot":{"x":-0.03310435265302658,"y":0.10954345762729645,"z":-0.020022302865982057},"rotation":{"x":0.023305708542466165,"y":0.9607036113739014,"z":-0.2631058990955353,"w":0.08524200320243836},"size":0.39160850644111636,"orthographic":false}