{"cameraMode":{"drawMode":0,"name":"Shaded","section":"Shading Mode"},"sceneLighting":false,"audioPlay":false,"sceneViewState":{"showFog":true,"showMaterialUpdate":false,"showSkybox":false,"showFlares":true,"showImageEffects":true,"showParticleSystems":true,"showVisualEffectGraphs":true,"m_FxEnabled":true},"in2DMode":false,"pivot":{"x":0.19147130846977235,"y":-0.015462934970855713,"z":1.3105202913284302},"rotation":{"x":-0.3538571000099182,"y":0.31515341997146609,"z":-0.12800747156143189,"w":-0.8712164163589478},"size":1.554436206817627,"orthographic":false}